{
    "output_file": "config.json",

    "liveOnly": {
        "type": "checkbox",
        "value": true,
        "label": "Live Only Mode",
        "tooltip": "True if you want it to only run when you are live",
        "group" : "General"
    },
    "command": {
        "type": "textbox",
        "value": "!swap",
        "label": "Command",
        "tooltip": "Name of the command",
        "group": "General"
    },
    "permission": {
        "type": "dropdown",
        "value": "Everyone",
        "items": ["Everyone","Regular","Subscriber","Moderator","Editor"],
        "label": "Permission level",
        "tooltip": "Set the permission level for the command",
        "group": "General"
    },
    "costs": {
        "type": "numberbox",
        "value": 100,
        "label": "Cost to lock",
        "tooltip": "Set the default cost for this command.",
        "group": "General"
    },
    "useCooldown": {
        "type": "checkbox",
        "value": true,
        "label": "Use Cooldowns",
        "tooltip": "Enable/Disable cooldown and user cooldown",
        "group": "Cooldown"
    },
    "useCooldownMessages": {
        "type": "checkbox",
        "value": true,
        "label": "Use Cooldown Messages",
        "tooltip": "Enable/Disable cooldown messages",
        "group": "Cooldown"
    },
    "cooldown": {
        "type": "numberbox",
        "label": "Cooldown (seconds)",
        "value": 1,
        "tooltip": "Cooldown in seconds.",
        "group": "Cooldown"
    },
    "onCooldown": {
        "type": "textbox",
        "value": "$user, $command is still on cooldown for $cd!",
        "label": "Cooldown Response",
        "tooltip": "The message that the bot will display when the command is on cooldown. \r\n $user = Username \r\n $cd = Time remaining \r\n $command = Command name",
        "group": "Cooldown"
    },
    "userCooldown": {
        "type": "numberbox",
        "label": "User Cooldown (seconds)",
        "value": 120,
        "tooltip": "User cooldown in seconds.",
        "group": "Cooldown"
    },
    "lockDuration": {
        "type": "numberbox",
        "label": "Lock Time (seconds)",
        "value": 2,
        "tooltip": "How long your mouse is locked.",
        "group": "Cooldown"
    },	
    "onUserCooldown": {
        "type": "textbox",
        "value": "$user, $command is still on user cooldown for $cd!",
        "label": "User Cooldown Response",
        "tooltip": "The message that the bot will display when the command is on user cooldown. \r\n $user = Username \r\n $cd = Time remaining \r\n $command = Command name",
        "group": "Cooldown"
    },
    "responseNotEnoughPoints": {
        "type": "textbox",
        "value": "$user you need $cost $currency to use $command.",
        "label": "Not enough points",
        "tooltip": "Message that will be posted if the user doesn't have enough points.\r\n $user = Username\r\n $points = Current user points\r\n $currency = Name of Currency\r\n $cost = Cost to use the command",
        "group": "Response Messages"
    },
    "responseOnSuccess": {
        "type": "textbox",
        "value": "$user has called for a scene swap.",
        "label": "Success Response",
        "tooltip": "Message that will be posted if the a user has successfully called for a scene swap",
        "group": "Response Messages"
    },
    "openReadMe": {
        "type": "button",
        "label": "Open 'Readme Me' file",
        "tooltip": "Opens the 'Readme.txt' for this script.",
        "function": "OpenReadMe",
        "wsevent": "",
        "group": ""
    }
}
